{"cameraMode":{"drawMode":0,"name":"Shaded","section":"Shading Mode"},"sceneLighting":true,"audioPlay":false,"sceneViewState":{"showFog":false,"showMaterialUpdate":false,"showSkybox":false,"showFlares":false,"showImageEffects":false,"showParticleSystems":false},"in2DMode":false,"pivot":{"x":39.32114028930664,"y":-0.7246918082237244,"z":4.39006233215332},"rotation":{"x":-0.08129528909921646,"y":0.4603620171546936,"z":-0.04238460958003998,"w":-0.8829861283302307},"size":30.32741928100586,"orthographic":false}