{"cameraMode":{"drawMode":0,"name":"Shaded","section":"Shading Mode"},"sceneLighting":true,"audioPlay":false,"sceneViewState":{"showFog":false,"showMaterialUpdate":false,"showSkybox":false,"showFlares":false,"showImageEffects":false,"showParticleSystems":false},"in2DMode":false,"pivot":{"x":48.297183990478519,"y":20.736902236938478,"z":10.714862823486329},"rotation":{"x":0.10622299462556839,"y":-0.3891576826572418,"z":0.045238006860017779,"w":0.9139075875282288},"size":51.463104248046878,"orthographic":false}