{"cameraMode":{"drawMode":0,"name":"Shaded","section":"Shading Mode"},"sceneLighting":true,"audioPlay":false,"sceneViewState":{"showFog":true,"showMaterialUpdate":false,"showSkybox":true,"showFlares":true,"showImageEffects":true,"showParticleSystems":true},"in2DMode":false,"pivot":{"x":-5.559050559997559,"y":1.3287007808685303,"z":-0.4823141098022461},"rotation":{"x":-0.0746593028306961,"y":0.2303122878074646,"z":-0.017726095393300058,"w":-0.9700926542282105},"size":17.170305252075197,"orthographic":false}